{
  "ambientocclusion": false,
  "textures": {
    "base_texture": "minecraft:blocks/lever_base",
    "particle": "minecraft:blocks/cobblestone",
    "base": "minecraft:blocks/cobblestone",
    "lever": "minecraft:blocks/lever"
  },
  "elements": [
    {
      "from": [5, 0, 4],
      "to": [11, 3, 12],
      "faces": {
        "north": { "uv": [5, 0, 11, 3], "texture": "#base" },
        "east": { "uv": [4, 0, 12, 3], "texture": "#base" },
        "south": { "uv": [5, 0, 11, 3], "texture": "#base" },
        "west": { "uv": [4, 0, 12, 3], "texture": "#base" },
        "up": { "uv": [9, 4, 15, 12], "texture": "#base_texture" },
        "down": { "uv": [5, 4, 11, 12], "texture": "#base", "cullface": "down" }
      }
    },
    {
      "from": [7, 1, 7],
      "to": [9, 11, 9],
      "rotation": { "angle": -45, "axis": "x", "origin": [8, 1, 8] },
      "faces": {
        "north": { "uv": [7, 6, 9, 16], "texture": "#lever" },
        "east": { "uv": [7, 6, 9, 16], "texture": "#lever" },
        "south": { "uv": [7, 6, 9, 16], "texture": "#lever" },
        "west": { "uv": [7, 6, 9, 16], "texture": "#lever" },
        "up": { "uv": [7, 6, 9, 8], "texture": "#lever" }
      }
    }
  ]
}
