{
  "ambientocclusion": false,
  "textures": {
    "particle": "blocks/trip_wire",
    "texture": "blocks/trip_wire"
  },
  "elements": [
    {
      "from": [7, 1, 0],
      "to": [9, 1, 16],
      "rotation": { "angle": 0, "axis": "y", "origin": [15, 8, 8] },
      "faces": {
        "up": { "uv": [0, 2, 16, 4], "rotation": 90, "texture": "#texture" },
        "down": { "uv": [16, 2, 0, 4], "rotation": 90, "texture": "#texture" }
      }
    },
    {
      "from": [0, 1.001, 7],
      "to": [16, 1.001, 9],
      "rotation": { "angle": 0, "axis": "y", "origin": [8, 1, 8] },
      "faces": {
        "up": { "uv": [0, 2, 16, 4], "rotation": 180, "texture": "#texture" },
        "down": { "uv": [16, 2, 0, 4], "texture": "#texture" }
      }
    }
  ]
}
