{
  "ambientocclusion": false,
  "textures": {
    "particle": "blocks/trip_wire",
    "texture": "blocks/trip_wire"
  },
  "elements": [
    {
      "from": [7, 1, 0],
      "to": [9, 1, 12],
      "rotation": { "angle": 0, "axis": "y", "origin": [16, 8, 8] },
      "faces": {
        "up": { "uv": [0, 0, 12, 2], "rotation": 90, "texture": "#texture" },
        "down": { "uv": [0, 2, 12, 0], "rotation": 270, "texture": "#texture" }
      }
    }
  ],
  "groups": [
    {
      "name": "group",
      "origin": [8, 8, 8],
      "children": []
    },
    0
  ]
}
