{
  "ambientocclusion": false,
  "textures": {
    "particle": "blocks/trip_wire",
    "texture": "blocks/trip_wire"
  },
  "elements": [
    {
      "from": [7, 1, 0],
      "to": [9, 1, 16],
      "rotation": { "angle": 0, "axis": "y", "origin": [16, 8, 8] },
      "faces": {
        "up": { "uv": [0, 2, 16, 4], "rotation": 90, "texture": "#texture" },
        "down": { "uv": [16, 2, 0, 4], "rotation": 90, "texture": "#texture" }
      }
    },
    {
      "from": [9, 1, 7],
      "to": [16, 1, 9],
      "rotation": { "angle": 0, "axis": "y", "origin": [17, 8, 15] },
      "faces": {
        "up": { "uv": [9, 2, 16, 4], "texture": "#texture" },
        "down": { "uv": [9, 4, 16, 2], "texture": "#texture" }
      }
    }
  ]
}
